"time","energy","gps","odo","speed","soc"
"1511512585495","85.14600000000002","52.08940124511719,5.105764865875244","5.381999999997788","12","88.00000000000007"